合约,样本,BSM 版本,天数,MAE,RMSE,平均偏差,偏差中位数,MAPE_pct,平均相对偏差_pct,P95绝对误差
atm,全样本,σ = 历史波动率,1761.0,6.437188684752777,9.438400300101499,-1.212955765767974,-3.2834911133451534,27.20015613304413,-5.731721308880294,14.388328387132827
atm,全样本,σ = Heston 隐含,1761.0,0.41120549040035853,0.5034039889076724,0.2974203944628154,0.3108926034992159,1.8460193170807433,1.3876342522707465,0.9673354260456577
atm,仅可靠日期,σ = 历史波动率,1573.0,5.742310948267806,7.474804467470395,-2.073054734315451,-3.345727000922345,24.427148403762505,-9.788467879547786,12.730035564055997
atm,仅可靠日期,σ = Heston 隐含,1573.0,0.3846401901037047,0.47135605298006056,0.27560050780926454,0.2874311595774799,1.7869754472198254,1.3565093424289958,0.9098904262690815
atm,再剔除相关期限拟合偏弱的快照,σ = 历史波动率,1467.0,5.66695419315078,7.445048711454233,-2.407248942312678,-3.4121051880084607,24.140516977639546,-11.226230168388488,12.350030560566031
atm,再剔除相关期限拟合偏弱的快照,σ = Heston 隐含,1467.0,0.38340723313786207,0.4720931958311589,0.2690964752090713,0.27306593997275996,1.7914661299985468,1.3396003691490865,0.9166465395081653
k150,全样本,σ = 历史波动率,1761.0,4.402888417245673,7.325182982281184,-0.5454248383008653,-0.9384497189488243,13.066591609498172,-3.9404588226732495,11.449246583054105
k150,全样本,σ = Heston 隐含,1761.0,1.1160024603668446,1.3446482251684637,0.40697706351332924,0.5303401864461854,3.237047923299496,1.6854596278340759,2.3689509614720805
k150,仅可靠日期,σ = 历史波动率,1573.0,3.6557490510763784,5.086276006802566,-1.2364550298078874,-0.8652431414616402,11.86562322734861,-5.2310918974155785,10.547202931077585
k150,仅可靠日期,σ = Heston 隐含,1573.0,1.1084157032231012,1.3370868780953766,0.4017500726205359,0.5323143051635384,3.259571055490099,1.73641397805333,2.3613869379581045
k150,再剔除相关期限拟合偏弱的快照,σ = 历史波动率,1467.0,3.6413046646322433,5.082153595935774,-1.490357881833194,-0.9310165116281652,12.231751271192461,-5.898992088864122,10.50983991155057
k150,再剔除相关期限拟合偏弱的快照,σ = Heston 隐含,1467.0,1.1562809582186078,1.3767661166626675,0.4113557846379315,0.5578588520587715,3.4383436810240235,1.8271440893121331,2.3730042543283982
